Workbook
Name administrativeCostPerHourYear1: Constants!$B$12
Name costkwHYear1: Constants!$B$19
Name costUnitsGroup1: 'Current - Variables'!$B$29
Name daysInAYear: Constants!$B$7
Name hoursInADay: Constants!$B$22
Name hoursInARealDay: Constants!$B$9
Name hoursInAWeek: Constants!$B$23
Name hoursInAYear: Constants!$B$4
Name maintenanceCostYear1Group1: 'Current - Variables'!$B$23
Name monthsInAYear: Constants!$B$5
Name numA: 'Current - Variables'!$B$57
Name numServersGroup1: 'Current - Variables'!$B$5
Name numServersGroup2: 'Current - Variables'!$B$6
Name numServersGroup3: 'Current - Variables'!$B$7
Name powerRateIncrease: Constants!$B$20
Name serverLoadGroup1: 'Current - Variables'!$B$17
Name serverPowerGroup1: 'Current - Variables'!$B$11
Name w: 'Current Cost Structure'!$H$13
Name wattsInAKilowatt: Constants!$B$8
Name weeksAdministrativeTimeGroup1: 'Current - Variables'!$B$37
Name weeksInAYear: Constants!$B$6
Name Z: 'Current Cost Structure'!$H$14

Sheet Constants
A1: Constants and Shared Variables WorkSheet
A3: Constants
B4: 8760 | C4: hoursInAYear | D4: number of hours in 1 year (24 hrs/day * 365 days/yr)
B5: 12 | C5: monthsInAYear | D5: number of months in a year
B6: 52 | C6: weeksInAYear | D6: number of weeks in a year
B7: 365 | C7: daysInAYear | D7: number of days in 1 year
B8: 1000 | C8: wattsInAKilowatt | D8: number of watts in one kilowatt
B9: 24 | C9: hoursInARealDay
A11: Shared Variables | B11: These are not constants but are variables which are shared across both scenarios
B12: 100 | C12: administrativeCostPerHourYear1 | D12: cost of administrative time per hour in year 1
B13: 1.02 | C13: administrativeRateIncrease | D13: administrative pay increase amount
B14: 3000 | C14: securityFirmMonthlyCharge | D14: cost per month for security auditing service - outside vendor
B15: 5000 | C15: dataStorageMonthlyChargeYears1And2 | D15: cost per month for storing archival backups - years 1 & 2 - outside vendor
B16: 8000 | C16: dataStorageMonthlyChargeYears3Thru5 | D16: cost per month for storing archival backups - years 3,4 5 - outside vendor
B18: 1.03 | C18: serverMaintenanceRateIncrease | D18: assume 3% increase in server maintenance cost each year of study
B19: 0.13 | C19: costkwHYear1 | D19: cost of 1 kwH or power in year 1
B20: 1.02 | C20: powerRateIncrease | D20: assume 2% increase in cost of power/year of study
B22: 10 | C22: hoursInADay | D22: number of hours in 1 administrative day
B23: 70 | C23: hoursInAWeek | D23: number of hours in 1 administrative week

Sheet Current - Variables
A1: Variables Used In The Current Scenario Spreadsheet
A2: Hard Costs
B3: Value | C3: Variable Name | D3: Variable Description
B5: 25000 | C5: numServersGroup1 | D5: Group1A consists of this many servers
B6: 9000 | C6: numServersGroup2 | D6: Group 2 consists of this many servers
B7: 100 | C7: numServersGroup3 | D7: Group 3 consists of this many servers | G7: A
B8: 700 | C8: numServersGroup4A | D8: Group 4A consists of this many servers - backup servers | G8: B
B9: 200 | C9: numServersGroup4B | D9: Group 4B consists of this many servers - backup servers
B11: 3800 | C11: serverPowerGroup1 | D11: power in watts of the servers in group 1
B12: 4400 | C12: serverPowerGroup2 | D12: power in watts of the servers in group 2
B13: 2800 | C13: serverPowerGroup3 | D13: power in watts of the servers in group 3
B14: 3800 | C14: serverPowerGroup4A | D14: power in watts of the servers in group 4A
B15: 3300 | C15: serverPowerGroup4B | D15: power in watts of the servers in group 4B
B17: 0.15 | C17: serverLoadGroup1 | D17: average load of the servers in group 1
B18: 0.1 | C18: serverLoadGroup2 | D18: average load of the servers in group 2
B19: 0.02 | C19: serverLoadGroup3 | D19: average load of the servers in group 3
B20: 0.01 | C20: serverLoadGroup4A | D20: average load of servers in group 4A
B21: 0.01 | C21: serverLoadGroup4B | D21: average load of servers in group 4B
B23: 900 | C23: maintenanceCostYear1Group1 | D23: cost of maintenance contract year 1/100 servers in group 1
... B33: 2 | C33: costUnitsGroup4B | D33: 200 servers in group 4B
A35: Soft Costs
B36: Value | C36: Variable Name | D36: Variable Description
B37: 2.3 | C37: weeksAdministrativeTimeGroup1 | D37: weeks of administrative time per server Group 1
B38: 3.1 | C38: weeksAdministrativeTimeGroup2 | D38: weeks of administrative time per server Group 2
B39: 1 | C39: weeksAdministrativeTimeGroup3 | D39: weeks of administrative time per server Group 3
B40: 0.7 | C40: weeksAdministrativeTImeGroup4A | D40: weeks of administrative time per server Group 4A
B41: 0.5 | C41: weeksAdministrativeTImeGroup4B | D41: weeks of administrative time per server Group 4B
B43: 0.75 | C43: hoursPerBackupGroup1 | D43: hours per backup of server in Group 1
B44: 1.25 | C44: hoursPerBackupGroup2 | D44: hours per backup of server in Group 2
B45: 2.25 | C45: hoursPerBackupGroup3 | D45: hours per backup of server in Group 3
B46: 0.5 | C46: hoursPerBackupGroup4A | D46: hours per backup of server in Group 4A
B47: 0.5 | C47: hoursPerBackupGroup4B | D47: hours per backup of server in Group 4B
B49: 365 | C49: numberOfBackupsPerYearGroup1 | D49: number of backups performed on servers in Group 1 in 1 year
B50: 365 | C50: numberOfBackupsPerYearGroup2 | D50: number of backups performed on servers in Group 2 in 1 year
... B53: 26 | C53: numberOfBackupsPerYearGroup4B | D53: number of backups performed on servers in Group 4B in 1 year
D61: =numA -> 0

Sheet Current Cost Structure
A1: Current Scenario Yearly Costs
A2: Category | B2: Cost | G2: 5 Year Totals
B3: Year 1 | C3: Year 2 | D3: Year 3 | E3: Year 4 | F3: Year 5
A4: Hard Costs
A5: Power - Group 1 | B5: =((serverPowerGroup1 *serverLoadGroup1/wattsInAKilowatt)*hoursInARealDay*numServersGroup1*costkwHYear1*daysInAYear) -> 16227900 | C5: =B5*powerRateIncrease -> 16552458 | D5: =C5*powerRateIncrease -> 16883507 | E5: =D5*powerRateIncrease -> 17221177 | F5: =E5*powerRateIncrease -> 17565601 | G5: =SUM(B5:F5) -> 84450643
A6: Power - Group 2 | B6: =(('Current - Variables'!B12*'Current - Variables'!B18/wattsInAKilowatt)*hoursInARealDay*numServersGroup2*costkwHYear1*daysInAYear) -> 4509648 | C6: =B6*powerRateIncrease -> 4599841 | D6: =C6*powerRateIncrease -> 4691837.8 | E6: =D6*powerRateIncrease -> 4785674.5 | F6: =E6*powerRateIncrease -> 4881388 | G6: =SUM(B6:F6) -> 23468389
A7: Power - Group 3 | B7: =(('Current - Variables'!B13*'Current - Variables'!B19/wattsInAKilowatt)*hoursInARealDay*numServersGroup3*costkwHYear1*daysInAYear) -> 6377.28 | C7: =B7*powerRateIncrease -> 6504.8256 | D7: =C7*powerRateIncrease -> 6634.9221 | E7: =D7*powerRateIncrease -> 6767.6206 | F7: =E7*powerRateIncrease -> 6902.973 | G7: =SUM(B7:F7) -> 33187.621
A8: Power - Group 4A | B8: =(('Current - Variables'!B14*'Current - Variables'!B20/wattsInAKilowatt)*hoursInARealDay*'Current - Variables'!B8*costkwHYear1*daysInAYear) -> 30292.08 | C8: =B8*powerRateIncrease -> 30897.922 | D8: =C8*powerRateIncrease -> 31515.88 | E8: =D8*powerRateIncrease -> 32146.198 | F8: =E8*powerRateIncrease -> 32789.122 | G8: =SUM(B8:F8) -> 157641.2
A9: Power - Group 4B | B9: =(('Current - Variables'!B15*'Current - Variables'!B21/wattsInAKilowatt)*hoursInARealDay*costkwHYear1*'Current - Variables'!B9*daysInAYear) -> 7516.08 | C9: =B9*powerRateIncrease -> 7666.4016 | D9: =C9*powerRateIncrease -> 7819.7296 | E9: =D9*powerRateIncrease -> 7976.1242 | F9: =E9*powerRateIncrease -> 8135.6467 | G9: =SUM(B9:F9) -> 39113.982
A10: Total Power Costs/Year | B10: =SUM(B5:B9) -> 20781733 | C10: =SUM(C5:C9) -> 21197368 | D10: =SUM(D5:D9) -> 21621315 | E10: =SUM(E5:E9) -> 22053742 | F10: =SUM(F5:F9) -> 22494817 | G10: =SUM(G5:G9) -> 1.0814898e+08
A12: Server Maintenance - Group 1 | B12: =maintenanceCostYear1Group1*costUnitsGroup1 -> 225000 | C12: =B12*Constants!B18 -> 231750 | D12: =C12*Constants!B18 -> 238702.5 | E12: =D12*Constants!B18 -> 245863.58 | F12: =E12*Constants!B18 -> 253239.48 | G12: =SUM(B12:F12) -> 1194555.6
A13: Server Maintenance - Group 2 | B13: ='Current - Variables'!B24*'Current - Variables'!B30 -> 108000 | C13: =B13*Constants!B18 -> 111240 | D13: =C13*Constants!B18 -> 114577.2 | E13: =D13*Constants!B18 -> 118014.52 | F13: =E13*Constants!B18 -> 121554.95 | G13: =SUM(B13:F13) -> 573386.67
A14: Server Maintenance - Group 3 | B14: ='Current - Variables'!B25*'Current - Variables'!B31 -> 500 | C14: =B14*Constants!B18 -> 515 | D14: =C14*Constants!B18 -> 530.45 | E14: =D14*Constants!B18 -> 546.3635 | F14: =E14*Constants!B18 -> 562.75441 | G14: =SUM(B14:F14) -> 2654.5679
A15: Server Maintenance - Group 4A | B15: ='Current - Variables'!B26*'Current - Variables'!B32 -> 770 | C15: =B15*Constants!B18 -> 793.1 | D15: =C15*Constants!B18 -> 816.893 | E15: =D15*Constants!B18 -> 841.39979 | F15: =E15*Constants!B18 -> 866.64178 | G15: =SUM(B15:F15) -> 4088.0346
A16: Server Maintenance - Group 4B | B16: ='Current - Variables'!B27*'Current - Variables'!B33 -> 200 | C16: =B16*Constants!B18 -> 206 | D16: =C16*Constants!B18 -> 212.18 | E16: =D16*Constants!B18 -> 218.5454 | F16: =E16*Constants!B18 -> 225.10176 | G16: =SUM(B16:F16) -> 1061.8272
A17: Total Server Maintenance Costs/Year | B17: =SUM(B12:B16) -> 334470 | C17: =SUM(C12:C16) -> 344504.1 | D17: =SUM(D12:D16) -> 354839.22 | E17: =SUM(E12:E16) -> 365484.4 | F17: =SUM(F12:F16) -> 376448.93 | G17: =SUM(B17:F17) -> 1775746.7
A19: Security Auditing Costs | B19: =Constants!B14*monthsInAYear -> 36000 | C19: =Constants!B14*monthsInAYear -> 36000 | D19: =Constants!B14*monthsInAYear -> 36000 | E19: =Constants!B14*monthsInAYear -> 36000 | F19: =Constants!B14*monthsInAYear -> 36000 | G19: =SUM(B19:F19) -> 180000
A20: Archival/Storage Costs | B20: =Constants!B15*monthsInAYear -> 60000 | C20: =Constants!B15*monthsInAYear -> 60000 | D20: =Constants!B16*monthsInAYear -> 96000 | E20: =Constants!B16*monthsInAYear -> 96000 | F20: =Constants!B16*monthsInAYear -> 96000 | G20: =SUM(B20:F20) -> 408000
G21: =SUM(G19:G20) -> 588000
A22: Total Yearly Hard Costs | B22: =SUM(B10+B17+B19+B20) -> 21212203 | C22: =SUM(C10+C17+C19+C20) -> 21637872 | D22: =SUM(D10+D17+D19+D20) -> 22108155 | E22: =SUM(E10+E17+E19+E20) -> 22551226 | F22: =SUM(F10+F17+F19+F20) -> 23003266 | G22: =SUM(B22:F22) -> 1.1051272e+08
A24: Total Five Year Hard Costs = | B24: =G22 -> 1.1051272e+08
A26: Soft Costs
A27: Server Administration - Group 1 | B27: =weeksAdministrativeTimeGroup1*hoursInAWeek*numServersGroup1*administrativeCostPerHourYear1 -> 402500000 | C27: =B27*Constants!B13 -> 410550000 | D27: =C27*Constants!B13 -> 418761000 | E27: =D27*Constants!B13 -> 427136220 | F27: =E27*Constants!B13 -> 4.3567894e+08 | G27: =SUM(B27:F27) -> 2.0946262e+09
A28: Server Administration - Group 2 | B28: ='Current - Variables'!B38*hoursInAWeek*numServersGroup2*administrativeCostPerHourYear1 -> 195300000 | C28: =B28*Constants!B13 -> 199206000 | D28: =C28*Constants!B13 -> 203190120 | E28: =D28*Constants!B13 -> 2.0725392e+08 | F28: =E28*Constants!B13 -> 2.11399e+08 | G28: =SUM(B28:F28) -> 1.016349e+09
A29: Server Administration - Group 3 | B29: ='Current - Variables'!B39*hoursInAWeek*numServersGroup3*administrativeCostPerHourYear1 -> 700000 | C29: =B29*Constants!B13 -> 714000 | D29: =C29*Constants!B13 -> 728280 | E29: =D29*Constants!B13 -> 742845.6 | F29: =E29*Constants!B13 -> 757702.51 | G29: =SUM(B29:F29) -> 3642828.1
A30: Server Administration - Group 4A | B30: ='Current - Variables'!B40*hoursInAWeek*'Current - Variables'!B8*administrativeCostPerHourYear1 -> 3430000 | C30: =B30*Constants!B13 -> 3498600 | D30: =C30*Constants!B13 -> 3568572 | E30: =D30*Constants!B13 -> 3639943.4 | F30: =E30*Constants!B13 -> 3712742.3 | G30: =SUM(B30:F30) -> 17849858
A31: Server Administration - Group 4B | B31: ='Current - Variables'!B41*hoursInAWeek*'Current - Variables'!B9*administrativeCostPerHourYear1 -> 700000 | C31: =B31*Constants!B13 -> 714000 | D31: =C31*Constants!B13 -> 728280 | E31: =D31*Constants!B13 -> 742845.6 | F31: =E31*Constants!B13 -> 757702.51 | G31: =SUM(B31:F31) -> 3642828.1
A32: Total Server Administration Costs/Year | B32: =SUM(B27:B31) -> 602630000 | C32: =SUM(C27:C31) -> 614682600 | D32: =SUM(D27:D31) -> 626976252 | E32: =SUM(E27:E31) -> 6.3951578e+08 | F32: =SUM(F27:F31) -> 6.5230609e+08 | G32: =SUM(G27:G31) -> 3.1361107e+09
A35: Server Backup - Group 1 | B35: =daysInAYear*'Current - Variables'!B43*costUnitsGroup1*administrativeCostPerHourYear1 -> 6843750 | C35: =B35*Constants!B13 -> 6980625 | D35: =C35*Constants!B13 -> 7120237.5 | E35: =D35*Constants!B13 -> 7262642.2 | F35: =E35*Constants!B13 -> 7407895.1 | G35: =SUM(B35:F35) -> 35615150
A36: Server Backup - Group 2 | B36: =daysInAYear*'Current - Variables'!B44*'Current - Variables'!B30*administrativeCostPerHourYear1 -> 4106250 | C36: =B36*Constants!B13 -> 4188375 | D36: =C36*Constants!B13 -> 4272142.5 | E36: =D36*Constants!B13 -> 4357585.3 | F36: =E36*Constants!B13 -> 4444737.1 | G36: =SUM(B36:F36) -> 21369090
A37: Server Backup - Group 3 | B37: =daysInAYear*'Current - Variables'!B45*'Current - Variables'!B31*administrativeCostPerHourYear1 -> 82125 | C37: =B37*Constants!B13 -> 83767.5 | D37: =C37*Constants!B13 -> 85442.85 | E37: =D37*Constants!B13 -> 87151.707 | F37: =E37*Constants!B13 -> 88894.741 | G37: =SUM(B37:F37) -> 427381.8
A38: Server Backup - Group 4A | B38: =daysInAYear*'Current - Variables'!B46*'Current - Variables'!B32*administrativeCostPerHourYear1 -> 127750 | C38: =B38*Constants!B13 -> 130305 | D38: =C38*Constants!B13 -> 132911.1 | E38: =D38*Constants!B13 -> 135569.32 | F38: =E38*Constants!B13 -> 138280.71 | G38: =SUM(B38:F38) -> 664816.13
A39: Server Backup - Group 4B | B39: =daysInAYear*'Current - Variables'!B47*'Current - Variables'!B33*administrativeCostPerHourYear1 -> 36500 | C39: =B39*Constants!B13 -> 37230 | D39: =C39*Constants!B13 -> 37974.6 | E39: =D39*Constants!B13 -> 38734.092 | F39: =E39*Constants!B13 -> 39508.774 | G39: =SUM(B39:F39) -> 189947.47
A40: Total Server Backup Costs/Year | B40: =SUM(B35:B39) -> 11196375 | C40: =SUM(C35:C39) -> 11420302 | D40: =SUM(D35:D39) -> 11648709 | E40: =SUM(E35:E39) -> 11881683 | F40: =SUM(F35:F39) -> 12119316 | G40: =SUM(G35:G39) -> 58266385
A42: Total Yearly Soft Costs | B42: =B32+B40 -> 613826375 | C42: =C32+C40 -> 6.261029e+08 | D42: =D32+D40 -> 6.3862496e+08 | E42: =E32+E40 -> 6.5139746e+08 | F42: =F32+F40 -> 6.6442541e+08 | G42: =SUM(B42:F42) -> 3.1943771e+09
A44: Total Five Year Soft Costs = | B44: =G42 -> 3.1943771e+09
A46: Total Current Cost/Year | B46: =B22+B42 -> 6.3503858e+08 | C46: =C22+C42 -> 6.4774077e+08 | D46: =D22+D42 -> 6.6073312e+08 | E46: =E22+E42 -> 6.7394869e+08 | F46: =F22+F42 -> 6.8742867e+08 | G46: =SUM(B46:F46) -> 3.3048898e+09
A48: Total 5 YearCurrent Cost | B48: =G46 -> 3.3048898e+09

Sheet Proposed - Variables
A1: Variables Used In The Proposed Scenario Spreadsheet
A2: Hard Costs
B3: Value | C3: Variable Name | D3: Variable Description
B5: 45000 | C5: costNewGroup1Server | D5: cost of a new group 1 server
B6: 5400 | C6: year1Group1ServerMaintenance | D6: first year service maintenance cost for server in group 1
B8: 40000 | C8: costNewGroup2Server | D8: cost of a new group 2 server
B9: 4800 | C9: year1Group2ServerMaintenance | D9: first year service maintenance cost for server in group 2
B11: 20000 | C11: costNewGroup3Server | D11: cost of a new group 3 server
B12: 2400 | C12: year1Group3ServerMaintenance | D12: first year service maintenance cost for server in group 3
B14: 23000 | C14: costNewGroup4Server | D14: cost of a new group4 server
B15: 2760 | C15: year1Group4ServerMaintenance | D15: first year service maintenance cost for server in group 4
B17: 2500 | C17: numNewServersGroup1 | D17: number of new physical servers in Group 1
B18: 10000 | C18: numVirtualServersGroup1 | D18: number of virtualized servers in Group 1
B19: 940 | C19: numNewServersGroup2 | D19: number of new physical servers in Group 2
B20: 4000 | C20: numVirtualServersGroup2 | D20: number of virtualized servers in Group 2
... B38: 2 | C38: empsTrainedYears3Thru5 | D38: number of employees trained in years 3 through 5 of the study
A40: Soft Costs
B41: Value | C41: Variable Name | D41: Variable Description
B42: 0.4 | C42: adminCostOnVirtualServer | D42: percentage of regular admin cost associated with a virtual server
B43: 3 | C43: weeksAdminTimeNewServers
B44: 1.03 | C44: year1ServerMaintenanceContractPercentage
B46: 1 | C46: backupTimeGroup1V | D46: hours per backup of physical servers + virtual servers - Group 1
B47: 1 | C47: backUpTimeGroup2V | D47: hours per backup of physical servers + virtual servers - Group 2
B48: 1 | C48: backUpTimeGroup3V | D48: hours per backup of physical servers + virtual servers - Group 3
B49: 1.5 | C49: backupTimeGroup4V | D49: hours per backup of physical servers + virtual servers - Group 4
B51: 365 | C51: numberOfBackUpsGroup1V | D51: number of backup of physical servers + virtual servers per year - Group 1
B52: 365 | C52: numberOfBackUpsGroup2V | D52: number of backup of physical servers + virtual servers per year - Group 2
B53: 365 | C53: numberOfBackUpsGroup3V | D53: number of backup of physical servers + virtual servers per year - Group 3
B54: 52 | C54: numberOfBackUpsGroup4V | D54: number of backup of physical servers + virtual servers per year - Group 4

Sheet Virtualized Cost Structure
A1: Virtualized Infrastructure Yearly Costs - Proposed Project Costs
A2: Category | B2: Cost | G2: 5 Year Totals
B3: Year 1 | C3: Year 2 | D3: Year 3 | E3: Year 4 | F3: Year 5
A4: Hard Costs
A5: Machine Purchases | B5: =('Proposed - Variables'!B5*'Proposed - Variables'!B17)+('Proposed - Variables'!B8*'Proposed - Variables'!B19)+('Proposed - Variables'!B11*'Proposed - Variables'!B21)+('Proposed - Variables'!B14*'Proposed - Variables'!B23) -> 151450000 | G5: =B5 -> 151450000
A6: Software Purchases | B6: =('Proposed - Variables'!B17*'Proposed - Variables'!B32)+('Proposed - Variables'!B19*'Proposed - Variables'!B32)+('Proposed - Variables'!B21*'Proposed - Variables'!B32)+('Proposed - Variables'!B23*'Proposed - Variables'!B32) -> 15750000 | G6: =B6 -> 15750000
A7: Software Maintenance | B7: ='Proposed - Variables'!B32 * 'Proposed - Variables'!B33* ('Proposed - Variables'!B17 + 'Proposed - Variables'!B19 + 'Proposed - Variables'!B21 + 'Proposed - Variables'!B23)*'Proposed - Variables'!B33 -> 354375 | C7: =B7*'Proposed - Variables'!B33 -> 53156.25 | D7: =C7*'Proposed - Variables'!B33 -> 7973.4375 | E7: =D7*'Proposed - Variables'!B33 -> 1196.0156 | F7: =E7*'Proposed - Variables'!B33 -> 179.40234 | G7: =SUM(B7:F7) -> 416880.11 | I7: One more Variable
A8: Power - Group 1 | B8: =('Proposed - Variables'!B27 /wattsInAKilowatt)*hoursInARealDay*'Proposed - Variables'!B17*costkwHYear1*daysInAYear -> 3664089 | C8: =B8*powerRateIncrease -> 3737370.8 | D8: =C8*powerRateIncrease -> 3812118.2 | E8: =D8*powerRateIncrease -> 3888360.6 | F8: =E8*powerRateIncrease -> 3966127.8 | G8: =SUM(B8:F8) -> 19068066
A9: Power - Group 2 | B9: =(('Proposed - Variables'!B28/wattsInAKilowatt)*hoursInARealDay*'Proposed - Variables'!B19*costkwHYear1*daysInAYear) -> 1113290.9 | C9: =B9*powerRateIncrease -> 1135556.7 | D9: =C9*powerRateIncrease -> 1158267.8 | E9: =D9*powerRateIncrease -> 1181433.2 | F9: =E9*powerRateIncrease -> 1205061.9 | G9: =SUM(B9:F9) -> 5793610.4
A10: Power - Group 3 | B10: =(('Proposed - Variables'!B29/wattsInAKilowatt)*hoursInARealDay*'Proposed - Variables'!B21*costkwHYear1*daysInAYear) -> 8996.52 | C10: =B10*powerRateIncrease -> 9176.4504 | D10: =C10*powerRateIncrease -> 9359.9794 | E10: =D10*powerRateIncrease -> 9547.179 | F10: =E10*powerRateIncrease -> 9738.1226 | G10: =SUM(B10:F10) -> 46818.251
A11: Powert Group 4 | B11: =(('Proposed - Variables'!B30/wattsInAKilowatt)*hoursInARealDay*'Proposed - Variables'!B23*costkwHYear1*daysInAYear) -> 32057.22 | C11: =B11*powerRateIncrease -> 32698.364 | D11: =C11*powerRateIncrease -> 33352.332 | E11: =D11*powerRateIncrease -> 34019.378 | F11: =E11*powerRateIncrease -> 34699.766 | G11: =SUM(B11:F11) -> 166827.06
A12: Server Maintenance - Group 1 | B12: ='Proposed - Variables'!B6*'Proposed - Variables'!B17 -> 13500000 | C12: =B12*'Proposed - Variables'!B44 -> 13905000 | D12: =C12*'Proposed - Variables'!B44 -> 14322150 | E12: =D12*'Proposed - Variables'!B44 -> 14751814 | F12: =E12*'Proposed - Variables'!B44 -> 15194369 | G12: =SUM(B12:F12) -> 71673333
A13: Server Maintenance - Group 2 | B13: ='Proposed - Variables'!B9*'Proposed - Variables'!B19 -> 4512000 | C13: =B13*'Proposed - Variables'!B44 -> 4647360 | D13: =C13*'Proposed - Variables'!B44 -> 4786780.8 | E13: =D13*'Proposed - Variables'!B44 -> 4930384.2 | F13: =E13*'Proposed - Variables'!B44 -> 5078295.8 | G13: =SUM(B13:F13) -> 23954821
A14: Server Maintenance - Group 3 | B14: ='Proposed - Variables'!B12*'Proposed - Variables'!B21 -> 24000 | C14: =B14*'Proposed - Variables'!B44 -> 24720 | D14: =C14*'Proposed - Variables'!B44 -> 25461.6 | E14: =D14*'Proposed - Variables'!B44 -> 26225.448 | F14: =E14*'Proposed - Variables'!B44 -> 27012.211 | G14: =SUM(B14:F14) -> 127419.26
A15: Server Maintenance - Group 4 | B15: ='Proposed - Variables'!B15*'Proposed - Variables'!B23 -> 138000 | C15: =B15*'Proposed - Variables'!B44 -> 142140 | D15: =C15*'Proposed - Variables'!B44 -> 146404.2 | E15: =D15*'Proposed - Variables'!B44 -> 150796.33 | F15: =E15*'Proposed - Variables'!B44 -> 155320.22 | G15: =SUM(B15:F15) -> 732660.74
A16: Training | B16: ='Proposed - Variables'!B36*'Proposed - Variables'!B37 -> 22000 | C16: =B16 -> 22000 | D16: ='Proposed - Variables'!B36*'Proposed - Variables'!B38 -> 11000 | E16: =D16 -> 11000 | F16: =E16 -> 11000 | G16: =SUM(B16:F16) -> 77000
A17: Security Auditing Costs | B17: ='Current Cost Structure'!B19 -> 36000 | C17: =B17 -> 36000 | D17: =C17 -> 36000 | E17: =D17 -> 36000 | F17: =E17 -> 36000 | G17: =SUM(B17:F17) -> 180000
A18: Archival/Storage Costs | B18: ='Current Cost Structure'!B20 -> 60000 | C18: =B18 -> 60000 | D18: ='Current Cost Structure'!D20 -> 96000 | E18: =D18 -> 96000 | F18: =E18 -> 96000 | G18: =SUM(B18:F18) -> 408000
A20: Total Yearly Hard Costs | B20: =SUM(B5:B18) -> 1.9066481e+08 | C20: =SUM(C7:C18) -> 23805179 | D20: =SUM(D7:D18) -> 24444868 | E20: =SUM(E7:E18) -> 25116777 | F20: =SUM(F7:F18) -> 25813804 | G20: =SUM(G5:G18) -> 2.8984544e+08
A22: Total Five Year Hard Costs | B22: =G20 -> 2.8984544e+08
A24: Soft Costs
A25: Server Administration Group 1 - Physical | B25: ='Proposed - Variables'!B17*'Proposed - Variables'!B43*hoursInAWeek*administrativeCostPerHourYear1 -> 52500000 | C25: =B25*Constants!B13 -> 53550000 | D25: =C25*Constants!B13 -> 54621000 | E25: =D25*Constants!B13 -> 55713420 | F25: =E25*Constants!B13 -> 56827688 | G25: =SUM(B25:F25) -> 2.7321211e+08
A26: Server Admin Group 1 - Virtual Systems | B26: =('Proposed - Variables'!B18*'Proposed - Variables'!B43)*(hoursInAWeek*administrativeCostPerHourYear1)*'Proposed - Variables'!B42 -> 84000000 | C26: =B26*Constants!B13 -> 85680000 | D26: =C26*Constants!B13 -> 87393600 | E26: =D26*Constants!B13 -> 89141472 | F26: =E26*Constants!B13 -> 90924301 | G26: =SUM(B26:F26) -> 4.3713937e+08
A27: Server Administration Group 2 - Physical | B27: ='Proposed - Variables'!B19*'Proposed - Variables'!B43*hoursInAWeek*administrativeCostPerHourYear1 -> 19740000 | C27: =B27*Constants!B13 -> 20134800 | D27: =C27*Constants!B13 -> 20537496 | E27: =D27*Constants!B13 -> 20948246 | F27: =E27*Constants!B13 -> 21367211 | G27: =SUM(B27:F27) -> 1.0272775e+08
A28: Server Admin Group 2 - Virtual Systems | B28: ='Proposed - Variables'!B20*'Proposed - Variables'!B43*hoursInAWeek*administrativeCostPerHourYear1*'Proposed - Variables'!B42 -> 33600000 | C28: =B28*Constants!B13 -> 34272000 | D28: =C28*Constants!B13 -> 34957440 | E28: =D28*Constants!B13 -> 35656589 | F28: =E28*Constants!B13 -> 36369721 | G28: =SUM(B28:F28) -> 1.7485575e+08
A29: ServerAdministration Group 3 - Physical | B29: ='Proposed - Variables'!B21*'Proposed - Variables'!B43*hoursInAWeek*administrativeCostPerHourYear1 -> 210000 | C29: =B29*Constants!B13 -> 214200 | D29: =C29*Constants!B13 -> 218484 | E29: =D29*Constants!B13 -> 222853.68 | F29: =E29*Constants!B13 -> 227310.75 | G29: =SUM(B29:F29) -> 1092848.4
A30: Server Admin Group 3 - Virtual Systems | B30: ='Proposed - Variables'!B22*'Proposed - Variables'!B43*hoursInAWeek*administrativeCostPerHourYear1*'Proposed - Variables'!B42 -> 252000 | C30: =B30*Constants!B13 -> 257040 | D30: =C30*Constants!B13 -> 262180.8 | E30: =D30*Constants!B13 -> 267424.42 | F30: =E30*Constants!B13 -> 272772.9 | G30: =SUM(B30:F30) -> 1311418.1
A31: Server Administration Group 4 - Physical | B31: ='Proposed - Variables'!B23*'Proposed - Variables'!B43*hoursInAWeek*administrativeCostPerHourYear1 -> 1050000 | C31: =B31*Constants!B13 -> 1071000 | D31: =C31*Constants!B13 -> 1092420 | E31: =D31*Constants!B13 -> 1114268.4 | F31: =E31*Constants!B13 -> 1136553.8 | G31: =SUM(B31:F31) -> 5464242.2
A32: Server Administration Group 4 - Virtual | B32: ='Proposed - Variables'!B24*'Proposed - Variables'!B43*hoursInAWeek*administrativeCostPerHourYear1*'Proposed - Variables'!B42 -> 2520000 | C32: =B32*Constants!B13 -> 2570400 | D32: =C32*Constants!B13 -> 2621808 | E32: =D32*Constants!B13 -> 2674244.2 | F32: =E32*Constants!B13 -> 2727729 | G32: =SUM(B32:F32) -> 13114181
A33: Total Administration Cost/Year | B33: =SUM(B25:B32) -> 193872000 | C33: =SUM(C25:C32) -> 197749440 | D33: =SUM(D25:D32) -> 2.0170443e+08 | E33: =SUM(E25:E32) -> 2.0573852e+08 | F33: =SUM(F25:F32) -> 2.0985329e+08 | G33: =SUM(G25:G32) -> 1.0089177e+09
A35: Group 1 Backup | B35: ='Proposed - Variables'!B46*administrativeCostPerHourYear1*'Proposed - Variables'!B51*'Proposed - Variables'!B17 -> 91250000 | C35: =B35*Constants!B13 -> 93075000 | D35: =C35*Constants!B13 -> 94936500 | E35: =D35*Constants!B13 -> 96835230 | F35: =E35*Constants!B13 -> 98771935 | G35: =SUM(B35:F35) -> 4.7486866e+08
A36: Group 2 Backup | B36: ='Proposed - Variables'!B47*administrativeCostPerHourYear1*'Proposed - Variables'!B52*'Proposed - Variables'!B19 -> 34310000 | C36: =B36*Constants!B13 -> 34996200 | D36: =C36*Constants!B13 -> 35696124 | E36: =D36*Constants!B13 -> 36410046 | F36: =E36*Constants!B13 -> 37138247 | G36: =SUM(B36:F36) -> 1.7855062e+08
A37: Group 3 Backup | B37: ='Proposed - Variables'!B48*administrativeCostPerHourYear1*'Proposed - Variables'!B21*'Proposed - Variables'!B53 -> 365000 | C37: =B37*Constants!B13 -> 372300 | D37: =C37*Constants!B13 -> 379746 | E37: =D37*Constants!B13 -> 387340.92 | F37: =E37*Constants!B13 -> 395087.74 | G37: =SUM(B37:F37) -> 1899474.7
A38: Group 4 Backup | B38: ='Proposed - Variables'!B49*administrativeCostPerHourYear1*'Proposed - Variables'!B23*'Proposed - Variables'!B54 -> 390000 | C38: =B38*Constants!B13 -> 397800 | D38: =C38*Constants!B13 -> 405756 | E38: =D38*Constants!B13 -> 413871.12 | F38: =E38*Constants!B13 -> 422148.54 | G38: =SUM(B38:F38) -> 2029575.7
A39: Total Backup Cost/Year | B39: =SUM(B35:B38) -> 126315000 | C39: =SUM(C35:C38) -> 128841300 | D39: =SUM(D35:D38) -> 131418126 | E39: =SUM(E35:E38) -> 1.3404649e+08 | F39: =SUM(F35:F38) -> 1.3672742e+08 | G39: =SUM(G35:G38) -> 6.5734833e+08
A41: Total Yearly Soft Costs | B41: =B33+B39 -> 320187000 | C41: =C33+C39 -> 326590740 | D41: =D33+D39 -> 3.3312255e+08 | E41: =E33+E39 -> 3.3978501e+08 | F41: =F33+F39 -> 3.4658071e+08 | G41: =G33+G39 -> 1.666266e+09
A43: Total Five Year Soft Costs = | B43: =G41 -> 1.666266e+09
A45: Total Proposed Project Costs/Year | B45: =B20+B41 -> 5.1085181e+08 | C45: =C20+C41 -> 3.5039592e+08 | D45: =D20+D41 -> 3.5756742e+08 | E45: =E20+E41 -> 3.6490178e+08 | F45: =F20+F41 -> 3.7239451e+08 | G45: =SUM(B45:F45) -> 1.9561114e+09
A47: Total 5 Year Proposed Project Cost | B47: =G45 -> 1.9561114e+09

Sheet Project Cost Summary
A1: Virtualization Project Cost Summary
B3: Category | C3: Cost
C4: Year 1 | D4: Year 2 | E4: Year 3 | F4: Year 4 | G4: Year 5
A5: Current Infrastructure Costs
B6: Total Yearly Hard Costs | C6: ='Current Cost Structure'!B5 -> 16227900 | D6: ='Current Cost Structure'!C5 -> 16552458 | E6: ='Current Cost Structure'!D5 -> 16883507 | F6: ='Current Cost Structure'!E5 -> 17221177 | G6: ='Current Cost Structure'!F5 -> 17565601
B7: Total Five Year Hard Costs | C7: =SUM(C6:G6) -> 84450643
B8: Total Yearly Soft Costs | C8: ='Current Cost Structure'!B42 -> 613826375 | D8: ='Current Cost Structure'!C42 -> 6.261029e+08 | E8: ='Current Cost Structure'!D42 -> 6.3862496e+08 | F8: ='Current Cost Structure'!E42 -> 6.5139746e+08 | G8: ='Current Cost Structure'!F42 -> 6.6442541e+08
B9: Total Five Year Soft Costs | C9: =SUM(C8:G8) -> 3.1943771e+09
A10: Total 5 Year Cost | B10: =C7+C9 -> 3.2788278e+09
A12: Virtualized Infrastructure Costs
B13: Total Yearly Hard Costs | C13: ='Virtualized Cost Structure'!B20 -> 1.9066481e+08 | D13: ='Virtualized Cost Structure'!C20 -> 23805179 | E13: ='Virtualized Cost Structure'!D20 -> 24444868 | F13: ='Virtualized Cost Structure'!E20 -> 25116777 | G13: ='Virtualized Cost Structure'!F20 -> 25813804
B14: Total Five Year Hard Costs | C14: =SUM(C13:G13) -> 2.8984544e+08
B15: Total Yearly Soft Costs | C15: ='Virtualized Cost Structure'!B41 -> 320187000 | D15: ='Virtualized Cost Structure'!C41 -> 326590740 | E15: ='Virtualized Cost Structure'!D41 -> 3.3312255e+08 | F15: ='Virtualized Cost Structure'!E41 -> 3.3978501e+08 | G15: ='Virtualized Cost Structure'!F41 -> 3.4658071e+08
B16: Total Five Year Soft Costs | C16: =SUM(C15:G15) -> 1.666266e+09
A17: Total 5 Year Cost | B17: =C14+C16 -> 1.9561114e+09
A19: Net Five Year Hard Cost Savings | C19: =C7-C14 -> -2.0539479e+08
A20: Net Five Year Soft Cost Savings | C20: =C9-C16 -> 1.5281111e+09
B21: Net Five Year Overall Cost Savings | C21: =C19+C20 -> 1.3227163e+09
